INSERT INTO beer_type(id, eng_name, kor_name, content, image_url, created_at, modified_at) VALUES
   (1,'ALE','에일','쓴 맛이 적고 단 맛이 나며, 풀 바디감이 느껴지는 목 넘김이 깔끔한 맥주','https://beerair-service.s3.ap-northeast-2.amazonaws.com/BEER/TYPE/ale.png', now(), now()),
   (2,'PALE_ALE','페일 에일','붉은 빛과 맑고 밝은 빛을 띄며, 꽃향기와 같은 풍부한 향이 느껴지는 맥주','https://beerair-service.s3.ap-northeast-2.amazonaws.com/BEER/TYPE/pale_ale.png', now(), now()),
   (3,'IPA','IPA','탄산이 비교적 약하고 강렬한 홉향과 강하고 텁텁한 쓴 맛이 나는 맥주','https://beerair-service.s3.ap-northeast-2.amazonaws.com/BEER/TYPE/ipa.png', now(), now()),
   (4,'LAGER','라거','황금빛의 풍부한 탄산과 청량감을 가진 맥주','https://beerair-service.s3.ap-northeast-2.amazonaws.com/BEER/TYPE/lager.png', now(), now()),
   (5,'PILSNER','필스너','밝고 투명한 노란빛으로, 단 맛과 쓴 맛이 어우러진 깔끔한 맛의 맥주','https://beerair-service.s3.ap-northeast-2.amazonaws.com/BEER/TYPE/pilsner.png', now(), now()),
   (6,'WHEAT_BEER','밀맥주','밀 맥아의 비율이 50% 이상으로, 뿌옇고 엷은 빛깔의 부드러운 밀맥주','https://beerair-service.s3.ap-northeast-2.amazonaws.com/BEER/TYPE/wheat_beer.png', now(), now()),
   (7,'STOUT','스타우트','포터보다 더 짙은 검은색을 띄며, 탄 맛과 쓴 맛도 더 강한 흑맥주','https://beerair-service.s3.ap-northeast-2.amazonaws.com/BEER/TYPE/stout.png', now(), now()),
   (8,'PORTER','포터','도수가 높고 비교적 달콤한 맛이 나며, 짙고 그윽한 향이 나는 흑맥주','https://beerair-service.s3.ap-northeast-2.amazonaws.com/BEER/TYPE/porter.png', now(), now()),
   (9,'RADLER','라들러','도수가 낮고 라거 맥주를 베이스로 음료수를 블렌딩해 탄산과 단 맛이 강한 맥주','https://beerair-service.s3.ap-northeast-2.amazonaws.com/BEER/TYPE/radler.png', now(), now()),
   (10,'LOW_MALT_BEER','발포주','맥아 함량이 매우 적은 유사 맥주로, 먹기 편한 가벼운 맛의 맥주','https://beerair-service.s3.ap-northeast-2.amazonaws.com/BEER/TYPE/low_malt_beer.png', now(), now());

INSERT INTO continent (kor_name, eng_name, created_at, modified_at) VALUES
   ('아메리카', 'America',now(), now()),
   ('아시아', 'Asia',now(), now()),
   ('아프리카', 'Africa',now(), now()),
   ('오세아니아', 'Oceania',now(), now()),
   ('유럽', 'Europe',now(), now());

INSERT INTO country (image_url,eng_name,kor_name,continent_id,background_image_url, created_at, modified_at) VALUES
    ('https://beerair-service.s3.ap-northeast-2.amazonaws.com/COUNTRY/korea.png', 'korea', '대한민국', 2, 'https://beerair-service.s3.ap-northeast-2.amazonaws.com/COUNTRY/background/korea.png',now(),now()),
    ('https://beerair-service.s3.ap-northeast-2.amazonaws.com/COUNTRY/denmark.png', 'denmark', '덴마크', 2, 'https://beerair-service.s3.ap-northeast-2.amazonaws.com/COUNTRY/background/denmark.png',now(),now()),
    ('https://beerair-service.s3.ap-northeast-2.amazonaws.com/COUNTRY/germany.png', 'germany', '독일', 2, 'https://beerair-service.s3.ap-northeast-2.amazonaws.com/COUNTRY/background/germany.png',now(),now()),
    ('https://beerair-service.s3.ap-northeast-2.amazonaws.com/COUNTRY/lithuania.png', 'lithuania', '리투아니아', 2, 'https://beerair-service.s3.ap-northeast-2.amazonaws.com/COUNTRY/background/lithuania.png',now(),now()),
    ('https://beerair-service.s3.ap-northeast-2.amazonaws.com/COUNTRY/mexico.png', 'mexico', '멕시코', 2, 'https://beerair-service.s3.ap-northeast-2.amazonaws.com/COUNTRY/background/mexico.png',now(),now()),
    ('https://beerair-service.s3.ap-northeast-2.amazonaws.com/COUNTRY/usa.png', 'usa', '미국', 1, 'https://beerair-service.s3.ap-northeast-2.amazonaws.com/COUNTRY/background/usa.png',now(),now()),
    ('https://beerair-service.s3.ap-northeast-2.amazonaws.com/COUNTRY/belgium.png', 'belgium', '벨기에', 1, 'https://beerair-service.s3.ap-northeast-2.amazonaws.com/COUNTRY/background/belgium.png',now(),now()),
    ('https://beerair-service.s3.ap-northeast-2.amazonaws.com/COUNTRY/cyprus.png', 'cyprus', '사이프러스', 1, 'https://beerair-service.s3.ap-northeast-2.amazonaws.com/COUNTRY/background/cypress.png',now(),now()),
    ('https://beerair-service.s3.ap-northeast-2.amazonaws.com/COUNTRY/spain.png', 'spain', '스페인', 1, 'https://beerair-service.s3.ap-northeast-2.amazonaws.com/COUNTRY/background/spain.png',now(),now()),
    ('https://beerair-service.s3.ap-northeast-2.amazonaws.com/COUNTRY/singapore.png', 'singapore', '싱가포르', 1, 'https://beerair-service.s3.ap-northeast-2.amazonaws.com/COUNTRY/background/singapore.png',now(),now()),
    ('https://beerair-service.s3.ap-northeast-2.amazonaws.com/COUNTRY/argentina.png', 'argentina', '아르헨티나', 1, 'https://beerair-service.s3.ap-northeast-2.amazonaws.com/COUNTRY/background/argentina.png',now(),now()),
    ('https://beerair-service.s3.ap-northeast-2.amazonaws.com/COUNTRY/ireland.png', 'ireland', '아일랜드', 1, 'https://beerair-service.s3.ap-northeast-2.amazonaws.com/COUNTRY/background/ireland.png',now(),now()),
    ('https://beerair-service.s3.ap-northeast-2.amazonaws.com/COUNTRY/austria.png', 'austria', '오스트리아', 5, 'https://beerair-service.s3.ap-northeast-2.amazonaws.com/COUNTRY/background/austria.png',now(),now()),
    ('https://beerair-service.s3.ap-northeast-2.amazonaws.com/COUNTRY/indonesia.png', 'indonesia', '인도네시아', 2, 'https://beerair-service.s3.ap-northeast-2.amazonaws.com/COUNTRY/background/indonesia.png',now(),now()),
    ('https://beerair-service.s3.ap-northeast-2.amazonaws.com/COUNTRY/japan.png', 'japan', '일본', 5, 'https://beerair-service.s3.ap-northeast-2.amazonaws.com/COUNTRY/background/japan.png',now(),now()),
    ('https://beerair-service.s3.ap-northeast-2.amazonaws.com/COUNTRY/england.png', 'england', '잉글랜드', 5, 'https://beerair-service.s3.ap-northeast-2.amazonaws.com/COUNTRY/background/england.png',now(),now()),
    ('https://beerair-service.s3.ap-northeast-2.amazonaws.com/COUNTRY/china.png', 'china', '중국', 5, 'https://beerair-service.s3.ap-northeast-2.amazonaws.com/COUNTRY/background/china.png',now(),now()),
    ('https://beerair-service.s3.ap-northeast-2.amazonaws.com/COUNTRY/czech.png', 'czech', '체코', 5, 'https://beerair-service.s3.ap-northeast-2.amazonaws.com/COUNTRY/background/czech.png',now(),now()),
    ('https://beerair-service.s3.ap-northeast-2.amazonaws.com/COUNTRY/canada.png', 'canada', '캐나다', 5, 'https://beerair-service.s3.ap-northeast-2.amazonaws.com/COUNTRY/background/canada.png',now(),now()),
    ('https://beerair-service.s3.ap-northeast-2.amazonaws.com/COUNTRY/thailand.png', 'thailand', '태국', 2, 'https://beerair-service.s3.ap-northeast-2.amazonaws.com/COUNTRY/background/thailand.png',now(),now()),
    ('https://beerair-service.s3.ap-northeast-2.amazonaws.com/COUNTRY/france.png', 'france', '프랑스', 5, 'https://beerair-service.s3.ap-northeast-2.amazonaws.com/COUNTRY/background/france.png',now(),now()),
    ('https://beerair-service.s3.ap-northeast-2.amazonaws.com/COUNTRY/finland.png', 'finland', '핀란드', 5, 'https://beerair-service.s3.ap-northeast-2.amazonaws.com/COUNTRY/background/finland.png',now(),now()),
    ('https://beerair-service.s3.ap-northeast-2.amazonaws.com/COUNTRY/hawaii.png', 'hawaii', '하와이', 5, 'https://beerair-service.s3.ap-northeast-2.amazonaws.com/COUNTRY/background/hawaii.png',now(),now()),
    ('https://beerair-service.s3.ap-northeast-2.amazonaws.com/COUNTRY/australia.png', 'australia', '호주', 4, 'https://beerair-service.s3.ap-northeast-2.amazonaws.com/COUNTRY/background/australia.png',now(),now()),
    ('https://beerair-service.s3.ap-northeast-2.amazonaws.com/COUNTRY/philippine.png', 'philippine', '필리핀', 2, 'https://beerair-service.s3.ap-northeast-2.amazonaws.com/COUNTRY/background/philippine.png',now(),now()),
    ('https://beerair-service.s3.ap-northeast-2.amazonaws.com/COUNTRY/poland.png', 'poland', '폴란드', 5, 'https://beerair-service.s3.ap-northeast-2.amazonaws.com/COUNTRY/background/poland.png',now(),now()),
    ('https://beerair-service.s3.ap-northeast-2.amazonaws.com/COUNTRY/hong_kong.png', 'hong kong', '홍콩', 2, 'https://beerair-service.s3.ap-northeast-2.amazonaws.com/COUNTRY/background/hong_kong.png',now(),now()),
    ('https://beerair-service.s3.ap-northeast-2.amazonaws.com/COUNTRY/netherlands.png', 'netherlands', '네덜란드', 5, 'https://beerair-service.s3.ap-northeast-2.amazonaws.com/COUNTRY/background/netherlands.png',now(),now());

INSERT INTO `flavor` (`id`, `content`, created_at, modified_at) VALUES
   (1, '단 맛이나요',now(), now()),
   (2, '목넘김이 부드러워요',now(), now()),
   (3, '쓴 맛이 나요',now(), now()),
   (4, '향이 진하고 무거워요',now(), now()),
   (5, '단 맛과 쓴 맛이 어우러져요',now(), now()),
   (6, '톡 쏘는 맛이 강해요',now(), now()),
   (7, '탄 맛이 나요',now(), now()),
   (8, '깔끔한 맛이에요',now(), now()),
   (9, '구수한 맛이 나요',now(), now()),
   (10, '텁텁한 느낌이 있어요',now(), now()),
   (11, '신 맛이 나요',now(), now()),
   (12, '상큼한 과일 향이 나요',now(), now()),
   (13, '쌉쌀한 맛이에요',now(), now()),
   (14, '청량감이 높아요',now(), now());

INSERT INTO beer (id, alcohol,content,price,`type_id`,volume,country_id,deleted_at,image_url,eng_name,kor_name, created_at, modified_at) VALUES
    (1,5.4,'열대 과일향과 몰트의 고소함',3500,3,500,1,NULL,'https://beerair-service.s3.ap-northeast-2.amazonaws.com/BEER/big_slice_ipa.png','Big Slice Ipa','빅슬라이스 IPA',now(), now()),
    (2,5.2,'페일 에일의 정석, 후회 없는 맛',3900,2,500,1,NULL,'https://beerair-service.s3.ap-northeast-2.amazonaws.com/BEER/standard_of_ale.png','Standard Of Ale','에일의정석',now(), now()),
    (3,4.7,'풍부한 시트러스와 각종 열대과일 향',3500,3,500,1,NULL,'https://beerair-service.s3.ap-northeast-2.amazonaws.com/BEER/daehan_ipa.png','Daehan Ipa','대한 IPA',now(), now()),
    (4,6.5,'강렬한 맥주가 끌리는 날',2500,3,500,1,NULL,'https://beerair-service.s3.ap-northeast-2.amazonaws.com/BEER/ganghan_ipa.png','Ganghan Ipa','강한 IPA',now(), now()),
    (5,4.5,'코 끝에 다가오는 매력적인 감귤향',2500,3,500,1,NULL,'https://beerair-service.s3.ap-northeast-2.amazonaws.com/BEER/sunset.png','Sunset','노을',now(), now()),
    (6,4.7,'쓴 맛은 줄이고 달달함을 더해 한국인에게 꼭 맞는 맥주',3900,3,500,1,NULL,'https://beerair-service.s3.ap-northeast-2.amazonaws.com/BEER/way_home_two.png','Way Home 2','퇴근길2',now(), now()),
    (7,6.3,'시트러스, 열대과일의 폭발적인 향과 진한 여운',6000,3,500,1,NULL,'https://beerair-service.s3.ap-northeast-2.amazonaws.com/BEER/baegdusan.png','Baegdusan','백두산',now(), now()),
    (8,4.8,'달고 고소한 편의점 맥주계의 강자',3500,4,500,1,NULL,'https://beerair-service.s3.ap-northeast-2.amazonaws.com/BEER/geolbange_beer.png','Geolbange Beer','골뱅이 맥주',now(), now()),
    (9,5.3,'최상급 맥아와 노블 홉',3500,5,500,1,NULL,'https://beerair-service.s3.ap-northeast-2.amazonaws.com/BEER/seoul_forest_homemade_lager.png','Seoul Forest Homemade Lager','서울숲 수제라거',now(), now()),
    (10,4.8,'놀이기구를 타는 듯 시원하고 발랄한 느낌',3500,4,500,1,NULL,'https://beerair-service.s3.ap-northeast-2.amazonaws.com/BEER/super_swing_lager.png','Super Swing Lager','슈퍼스윙라거',now(), now()),
    (11,4.6,'진정한 라거는 첫 맛부터 다르다',2700,4,500,1,NULL,'https://beerair-service.s3.ap-northeast-2.amazonaws.com/BEER/ob_lager.png','Ob Lager','오비라거',now(), now()),
    (12,4.2,'오렌지향, 효모향, 바닐라향의 하모니',3900,4,500,1,NULL,'https://beerair-service.s3.ap-northeast-2.amazonaws.com/BEER/dalseo_orange_ale.png','Dalseo Orange Ale','달서 오렌지 에일',now(), now()),
    (13,4.1,'파인애플, 오렌지, 청포도 등의 오묘한 조화',2500,6,500,1,NULL,'https://beerair-service.s3.ap-northeast-2.amazonaws.com/BEER/jeju_slice.png','Jeju Slice','제주 슬라이스',now(), now()),
    (14,5.4,'흑당의 달콤함과 씁쓸한 맛의 밸런스',3300,7,500,1,NULL,'https://beerair-service.s3.ap-northeast-2.amazonaws.com/BEER/brown_sugar_milky_stout.png','Brown Sugar Milky Stout','흑당 밀키 스타우트',now(), now()),
    (15,4.5,'달고 향긋한 열대 과일향과 개운한 끝 맛',3500,6,500,1,NULL,'https://beerair-service.s3.ap-northeast-2.amazonaws.com/BEER/gompyo_wheatbeer.png','Gompyo Wheatbeer','곰표 밀맥주',now(), now()),
    (16,4.5,'유러피언비어스타에서 IPA부문 최고상 수상',4500,3,500,1,NULL,'https://beerair-service.s3.ap-northeast-2.amazonaws.com/BEER/gyeongbokgung.png','Gyeongbokgung','경복궁',now(), now()),
    (17,5,'인터내셔널 비어컵 금메달의 위엄',4200,1,500,1,NULL,'https://beerair-service.s3.ap-northeast-2.amazonaws.com/BEER/gwanghwamun.png','Gwanghwamun','광화문',now(), now()),
    (18,4.5,'진달래꽃의 싱그러움과 베리&시트러스의 상큼한 향',4500,1,500,1,NULL,'https://beerair-service.s3.ap-northeast-2.amazonaws.com/BEER/namsan_mountain.png','Namsan Mountain','남산',now(), now()),
    (19,4.2,'제주 한라봉을 함유해 상큼한 오렌지향',4500,1,500,1,NULL,'https://beerair-service.s3.ap-northeast-2.amazonaws.com/BEER/jeju_baengnokdam_ale.png','Jeju Baengnokdam Ale','제주 백록담',now(), now()),
    (20,5.5,'시트러스향과 쌉싸름한 끝 맛',3400,1,500,1,NULL,'https://beerair-service.s3.ap-northeast-2.amazonaws.com/BEER/jeju_pellong_ale.png','Jeju Pellong Ale','제주 펠롱에일',now(), now()),
    (21,5.3,'제주산 감귝 껍질을 사용해 산뜻하고 부드러운 맛',3400,6,500,1,NULL,'https://beerair-service.s3.ap-northeast-2.amazonaws.com/BEER/jeju_wit_ale.png','Jeju Wit Ale','제주 위트에일',now(), now()),
    (22,4.5,'다크 초콜릿, 에스프레소향을 살린 국내 수제 흑맥주',3500,7,500,1,NULL,'https://beerair-service.s3.ap-northeast-2.amazonaws.com/BEER/malpyo_dark_beer.png','Malpyo Dark Beer','말표 흑맥주',now(), now()),
    (23,4.7,'퇴근에 오른 기분과 같은 밝고 경쾌한 맛과 향',3900,5,500,1,NULL,'https://beerair-service.s3.ap-northeast-2.amazonaws.com/BEER/nightcap.png','Nightcap','퇴근길',now(), now()),
    (24,5,'묵직한 바디감과 진득한 카라멜 느낌 몰트',2500,4,500,1,NULL,'https://beerair-service.s3.ap-northeast-2.amazonaws.com/BEER/heung.png-chung-mang-chung','Heung-Chung-Mang-Chung','흥청망청',now(), now()),
    (25,5.1,'은은한 첫 맛과 풍부한 시트러스',2500,2,500,1,NULL,'https://beerair-service.s3.ap-northeast-2.amazonaws.com/BEER/hand_malt.png','Hand&Malt','상상 페일에일',now(), now()),
    (26,4.7,'목넘김이 부드럽고 풍부한 시트러스향을 강조',3900,3,500,1,NULL,'https://beerair-service.s3.ap-northeast-2.amazonaws.com/BEER/mild_ipa.png','Mild Ipa','순한 IPA',now(), now()),
    (27,4.5,'제주 영귤꽃의 깔끔한 시트러스향',3500,1,500,1,NULL,'https://beerair-service.s3.ap-northeast-2.amazonaws.com/BEER/our_ale.png','Our Ale','아워 에일',now(), now()),
    (28,5.2,'맥아의 단맛과 오렌지 껍질의 상큼함',3000,1,500,1,NULL,'https://beerair-service.s3.ap-northeast-2.amazonaws.com/BEER/hangang_ale.png','Hangang Ale','한강',now(), now()),
    (29,5,'부드러운 목넘김과 시트러스의 끝 맛',3900,1,500,1,NULL,'https://beerair-service.s3.ap-northeast-2.amazonaws.com/BEER/platinum_craft_young_boss.png','Platinum Craft Young Boss','골목대장',now(), now()),
    (30,5.1,'제주도 물, 자체 배양 효모, 프리미업 홉의 환상적인 조합',4500,1,500,1,NULL,'https://beerair-service.s3.ap-northeast-2.amazonaws.com/BEER/seongsan_ilchulbong_ale.png','Seongsan Ilchulbong Ale','성산 일출봉',now(), now()),
    (31,4.7,'캐러멜 몰트 맥아의 단맛과 비스킷 같은 고소함',2500,1,500,1,NULL,'https://beerair-service.s3.ap-northeast-2.amazonaws.com/BEER/malt_the.png','Malt, the','맥아, 더',now(), now()),
    (32,5.2,'효모가 주는 기분 좋은 바나나향과 은은한 정향',2500,1,500,1,NULL,'https://beerair-service.s3.ap-northeast-2.amazonaws.com/BEER/yumi_wheat_ale.png','Yumi''s Wheat Ale','유미의 위트 에일',now(), now()),
    (33,4.2,'깔끔한 피니쉬와 청량한 레몬글라스 향',3500,1,500,1,NULL,'https://beerair-service.s3.ap-northeast-2.amazonaws.com/BEER/kumiho_relax_beer.png','Kumiho Relax Beer','구미호 릴렉스 비어',now(), now()),
    (34,4.5,'질리지 않는 복숭아향, 더운 날 강추',3500,1,500,1,NULL,'https://beerair-service.s3.ap-northeast-2.amazonaws.com/BEER/kumiho_peach_ale.png','Kumiho Peach Ale','구미호 피치에일',now(), now()),
    (35,4.6,'청와대 공식 만찬주로써 기본에 충실한 맥주',3600,1,500,1,NULL,'https://beerair-service.s3.ap-northeast-2.amazonaws.com/BEER/gangseo_mild_ale.png','Gangseo Mild Ale','강서',now(), now()),
    (36,4.6,'밀도 높은 거품과 살아있는 목넘김',5000,1,500,1,NULL,'https://beerair-service.s3.ap-northeast-2.amazonaws.com/BEER/moonbear_geumgangsan.png','Moonbear Geumgangsan','금강산',now(), now()),
    (37,8.5,'높은 알코올 함량과 묵직한 바디감',5900,1,500,1,NULL,'https://beerair-service.s3.ap-northeast-2.amazonaws.com/BEER/seo_bing_go.png','Seo Bing Go','서빙고',now(), now()),
    (38,4.5,'프롤러과 시트러향의 깔끔함',3600,1,500,1,NULL,'https://beerair-service.s3.ap-northeast-2.amazonaws.com/BEER/jeolla_ale.png','Jeolla Ale','전라맥주',now(), now()),
    (39,4.2,'바다처럼 시원하고 상쾌한 파인애플향',3900,1,500,1,NULL,'https://beerair-service.s3.ap-northeast-2.amazonaws.com/BEER/heaundae_beach_ale.png','Heaundae Beach Ale','해운대',now(), now()),
    (40,5,'쌉쌀한 맛과 솔의 쾌청한 향의 산뜻한 조화',2500,2,500,1,NULL,'https://beerair-service.s3.ap-northeast-2.amazonaws.com/BEER/ark.png','ARK','아크 페일에일',now(), now()),
    (41,6.3,'다량의 홉을 사용해 풍부한 과일향과 단맛',3500,3,500,1,NULL,'https://beerair-service.s3.ap-northeast-2.amazonaws.com/BEER/kumiho_ipa.png','KUMIHO IPA','구미호 아이피에이',now(), now()),
    (42,5.4,'열대 과일향과 몰트의 고소함',3000,3,500,1,NULL,'https://beerair-service.s3.ap-northeast-2.amazonaws.com/BEER/big_slide_ipa.png','BIG SLICE IPA','빅슬라이드 IPA',now(), now()),
    (43,4.7,'라일락과 바나나향이 어우러져 상쾌하면서도 부드러운 맛',2500,6,500,17,NULL,'https://beerair-service.s3.ap-northeast-2.amazonaws.com/BEER/tsingtao_wheat_beer.png','Tsingtao Wheat Beer','칭따오 밀맥주',now(), now()),
    (44,4.2,'신선한 과일 풍미 & 오바마의 최애 맥주',2500,6,500,6,NULL,'https://beerair-service.s3.ap-northeast-2.amazonaws.com/BEER/goose_312_urban_wheat_ale.png','Goose 312 Urban Wheat Ale','구스 312 얼반위트에일',now(), now()),
    (45,5,'알프스 민트와 엘더플라워의 향이 상쾌한 밀맥주',4400,6,500,13,NULL,'https://beerair-service.s3.ap-northeast-2.amazonaws.com/BEER/edelweiss_snowfresh.png','Edelweiss Snowfresh','에델바이스 스노우프레쉬',now(), now()),
    (46,4.5,'복숭아 특유의 상큼함이 느껴지는 맥주',4400,6,500,13,NULL,'https://beerair-service.s3.ap-northeast-2.amazonaws.com/BEER/edelweiss_peach.png','Edelweiss Peach','에델바이스 피치',now(), now()),
    (47,5.3,'적절한 탄산기, 밀몰트의 강한향, 감귤향, 클로브향',2300,6,500,3,NULL,'https://beerair-service.s3.ap-northeast-2.amazonaws.com/BEER/krombacher_weizen.png','Krombacher Weizen','크롬바커 바이젠',now(), now()),
    (48,6,'대중적인 밀백주 계열로 상큼한 오렌지향과 크리미한 거품',4200,6,500,7,NULL,'https://beerair-service.s3.ap-northeast-2.amazonaws.com/BEER/grimbergen_blanche.png','Grimbergen Blanche','그림버겐 블랑쉬',now(), now()),
    (49,5,'두꺼운 거품과 고소한 맥아향이 특징',3900,6,500,8,NULL,'https://beerair-service.s3.ap-northeast-2.amazonaws.com/BEER/cyprus_venus_weiss.png','Cyprus Venus Weiss','사이프러스 비너스',now(), now()),
    (50,4.8,'부드러운 질감과 은은한 과일&밀의 향',3900,6,500,7,NULL,'https://beerair-service.s3.ap-northeast-2.amazonaws.com/BEER/ligre_weizen.png','Ligre Weizen ','라이거 바이젠',now(), now()),
    (51,4.2,'쓴 맛이 적고 부드러워 가볍게 즐기기 좋은 맥주',4000,6,500,11,NULL,'https://beerair-service.s3.ap-northeast-2.amazonaws.com/BEER/patagonia_weisse.png','Patagonia Weisse','파타고니아 바이세',now(), now()),
    (52,4.9,'산미와 바나나 풍미가 특징으로 가볍게 마시기 좋은 맥주',2400,6,500,3,NULL,'https://beerair-service.s3.ap-northeast-2.amazonaws.com/BEER/l_weizen.png','L Weizen','엘 바이젠',now(), now()),
    (53,5,'새콤달콤하고 과일 향과 꽃 향기가 풍부한 밀맥주',3500,6,500,7,NULL,'https://beerair-service.s3.ap-northeast-2.amazonaws.com/BEER/the_kingdom_of_belgium_weizen.png','The Kingdom Of Belgium Weizen','더 킹덤 오브 벨지움 바이젠',now(), now()),
    (54,4.8,'입안에서 새콤한 오렌지, 고수, 밀 풍미가 상쾌한 느낌을 주는 맥주',3500,6,500,9,NULL,'https://beerair-service.s3.ap-northeast-2.amazonaws.com/BEER/inedit_damm.png','Inedit Damm','이네딧 담',now(), now()),
    (55,5,'북유럽 3대 맥주로 밀맥주의 아로마와 탄탄한 맛',2700,6,500,4,NULL,'https://beerair-service.s3.ap-northeast-2.amazonaws.com/BEER/volfas_engelman_hefeweizen.png','Krombacher Weizen','볼파스 엔젤맨 헤페바이젠',now(), now()),
    (56,5,'효모의 풍미와 새콤한 감귤류, 바나나와 같은 과일의 풍미',3100,6,500,3,NULL,'https://beerair-service.s3.ap-northeast-2.amazonaws.com/BEER/schofferhofer_hefeweizen.png','Schofferhofer Hefeweizen','쉐퍼호퍼 헤페바이젠',now(), now()),
    (57,5.4,'부드러운 목넘김과 높은 가성비가 특징',2800,6,500,3,NULL,'https://beerair-service.s3.ap-northeast-2.amazonaws.com/BEER/reeper_b_weissbier.png','Reeper B. Weissbier','리퍼비 바이스비어',now(), now()),
    (58,5.3,'밀을 원료로 만든 맥주로 부드러운 과일향과 감칠맛',1600,6,500,3,NULL,'https://beerair-service.s3.ap-northeast-2.amazonaws.com/BEER/stephans_brau_hefeweizen.png','stephans brau hefeweizen','스태판스 브로이 헤페바이젠',now(), now()),
    (59,5.3,'정통 바이에른 양조 기술과 최상급 효모가 만나 만들어진 밀맥주',4600,6,500,3,NULL,'https://beerair-service.s3.ap-northeast-2.amazonaws.com/BEER/erdinger_weissbier.png','Erdinger Weissbier','에딩거 바이스 비어',now(), now()),
    (60,5.4,'가벼운 밀향과 자극적인 오렌지 과일맛',2500,1,500,19,NULL,'https://beerair-service.s3.ap-northeast-2.amazonaws.com/BEER/blue_moon.png','Blue Moon','블루문',now(), now()),
    (61,5.9,'은은한 단 맛과 향긋한 과일향의 밸런스',3500,3,500,6,NULL,'https://beerair-service.s3.ap-northeast-2.amazonaws.com/BEER/goose_ipa.png','Goose IPA','구스 아일랜드 IPA',now(), now()),
    (62,4.7,'파인애플, 복숭아 등의 트로피컬한 과일 향이 일품',2500,3,500,6,NULL,'https://beerair-service.s3.ap-northeast-2.amazonaws.com/BEER/duck_duck_goose_session_ipa.png','Duck Duck GOOSE Session IPA','구스 아일랜드 덕덕구스 세션 IPA',now(), now()),
    (63,6.5,'초콜릿, 카라멜 풍미의 달콤 씁쓸함',4200,1,500,7,NULL,'https://beerair-service.s3.ap-northeast-2.amazonaws.com/BEER/leffe_brune.png','Leffe Brune ','레페 브륀(레페 브라운)',now(), now()),
    (64,5,'산뜻한 느낌의 사과향, 자몽향, 오렌지향',2500,3,500,3,NULL,'https://beerair-service.s3.ap-northeast-2.amazonaws.com/BEER/reeper_b_ipa.png','Reeper B. IPA','리퍼비 IPA',now(), now()),
    (65,6,'오렌지향, 자몽향과 깊고 풍부한 아로마가 만드는 최상의 IPA 맛',4500,3,500,4,NULL,'https://beerair-service.s3.ap-northeast-2.amazonaws.com/BEER/volfas_engelman_ipa.png','Volfas Engelman IPA','불파스 엔젤맨 IPA',now(), now()),
    (66,4.5,'오렌지 제스트의 상큼한 풍미와 향긋한 아로마',2800,1,500,21,NULL,'https://beerair-service.s3.ap-northeast-2.amazonaws.com/BEER/1866_blanche.png','1866 Blanche','1866 블랑쉬',now(), now()),
    (67,4.4,'산뜻한 열대 과일의 향이 부드럽게 넘어가는 골든 에일',4800,1,500,23,NULL,'https://beerair-service.s3.ap-northeast-2.amazonaws.com/BEER/kona_big_wave.png','KONA BIG WAVE','빅웨이브',now(), now()),
    (68,4.8,'청사과, 꽃, 허니 등의 고급스러운 풍미',3800,1,500,3,NULL,'https://beerair-service.s3.ap-northeast-2.amazonaws.com/BEER/gaffel_kolsch.png','Gaffel Kolsch','가펠 쾰쉬',now(), now()),
    (69,4.5,'레몬의 시트러스함과 비스킷의 고소한 풍미',2500,2,500,16,NULL,'https://beerair-service.s3.ap-northeast-2.amazonaws.com/BEER/adnams_ghost_ship.png','Adnams Ghost Ship','애드남스 고스트쉽',now(), now()),
    (70,4.8,'쌉싸름한 홉향과 풍부한 거품이 만들어내는 독특한 풍미',2000,5,500,9,NULL,'https://beerair-service.s3.ap-northeast-2.amazonaws.com/BEER/burge_meester.png','Burge Meester','버지미스터',now(), now()),
    (71,5,'부드러운 질감으로 시작하여 열대 과일향이 끝 맛',3500,5,500,10,NULL,'https://beerair-service.s3.ap-northeast-2.amazonaws.com/BEER/tiger.png','Tiger','타이거',now(), now()),
    (72,4.9,'높은 청량감과 적당한 목넘김이 특징인 필스너',2000,5,500,3,NULL,'https://beerair-service.s3.ap-northeast-2.amazonaws.com/BEER/wolters_pilsener.png','Wolters Pilsener','월터스 필스너',now(), now()),
    (73,5,'라거 맥주의 본질인 짙은 황긍빛 색깔과 강렬한 홉의 향',1580,5,500,7,NULL,'https://beerair-service.s3.ap-northeast-2.amazonaws.com/BEER/the_kingdom_of_belgium_pilsner.png','The Kingdom Of Belgium Pilsner','더 킹덤 오브 벨지움 필스너',now(), now()),
    (74,4.8,'몰트 총량을 높여 만든 진한맛과 향',4200,5,500,13,NULL,'https://beerair-service.s3.ap-northeast-2.amazonaws.com/BEER/egger_marzenbier.png','Egger Marzenbier','예거 필스너',now(), now()),
    (75,4.7,'부드럽고 청량한 맛의 필스너',2900,5,500,14,NULL,'https://beerair-service.s3.ap-northeast-2.amazonaws.com/BEER/bintang.png','Bintang','빈땅',now(), now()),
    (76,5.2,'100% 몰트 사용하여 깊은 몰트향과 묵직한 거품',3000,5,500,11,NULL,'https://beerair-service.s3.ap-northeast-2.amazonaws.com/BEER/patagonia_bohemian_pilsener.png','Patagonia Bohemian Pilsener','파타고니아 필스너',now(), now()),
    (77,5,'쌉쌀한 맛과 다양한 곡물의 달큰함',3000,5,500,7,NULL,'https://beerair-service.s3.ap-northeast-2.amazonaws.com/BEER/ligre_pilsner.png','Ligre Pilsner','라이거 필스너',now(), now()),
    (78,4.8,'독일 맥주의 여왕',2800,5,500,3,NULL,'https://beerair-service.s3.ap-northeast-2.amazonaws.com/BEER/warsteiner_premium_pilsner.png','Warsteiner Premium Pilsner','바르슈타이너 프리미엄',now(), now()),
    (79,4.8,'우아하고 깨끗한 맛 덕에 `미스 독일`로도 불림',3600,5,500,28,NULL,'https://beerair-service.s3.ap-northeast-2.amazonaws.com/BEER/bavaria.png','Bavaria','바바리아',now(), now()),
    (80,4.9,'맥즙 함량, 홉 사용량을 높여 더 진한 맥주',2900,5,500,3,NULL,'https://beerair-service.s3.ap-northeast-2.amazonaws.com/BEER/stephans_brau_pilsner.png','Stephans Brau Pilsner','스태판스 브로이 필스너',now(), now()),
    (81,4.8,'일반, 블랙, 카라멜 세 가지 몰트가 황금 비율',3000,7,500,17,NULL,'https://beerair-service.s3.ap-northeast-2.amazonaws.com/BEER/tsingtao_stout.png','Tsingtao Stout','칭따오 스타우트',now(), now()),
    (82,5,'커피와 크림의 아로마, 과일과 초콜릿 맛의 조화로움',2730,7,500,12,NULL,'https://beerair-service.s3.ap-northeast-2.amazonaws.com/BEER/guiness_original.png','Guiness Original','기네스 오리지널',now(), now()),
    (83,5,'몰트와 캐러멜 향을 특징으로 흑맥주의 무게감 재현',3000,7,500,3,NULL,'https://beerair-service.s3.ap-northeast-2.amazonaws.com/BEER/heineken_dark.png','Heineken Dark','하이네켄 다크',now(), now()),
    (84,5,'볶은 몰트, 검은 빵, 초콜릿 맛이 나는 미디엄 보디의 맥주',2500,7,500,28,NULL,'https://beerair-service.s3.ap-northeast-2.amazonaws.com/BEER/paulaner_dunkel.png','Paulaner Dunkel','파울라너 둔켈',now(), now()),
    (85,3.8,'훈연향과 커피의 달콤함이 인상적인 흑맥주',2750,7,500,18,NULL,'https://beerair-service.s3.ap-northeast-2.amazonaws.com/BEER/kozel_dark.png','Kozel Dark','코젤 다크',now(), now()),
    (86,5.3,'묵직한 바디감, 뒤이어 느껴지는 캐러멜, 견과류의 풍미',2500,7,500,3,NULL,'https://beerair-service.s3.ap-northeast-2.amazonaws.com/BEER/erdinger_dunkel.png','Erdinger Dunkel','에딩거 둔켈',now(), now()),
    (87,4.1,'맛이 가볍고 탄산기가 높아 청량감이 좋은 맥주',2800,4,500,6,NULL,'https://beerair-service.s3.ap-northeast-2.amazonaws.com/BEER/coors_light.png','Coors Light','쿠어스 라이트',now(), now()),
    (88,5.2,'풍부한 벌꿀향과 부드러운 목넘김',2580,5,500,3,NULL,'https://beerair-service.s3.ap-northeast-2.amazonaws.com/BEER/grevensteiner_original.png','Grevensteiner Original','그레벤슈타이너 오리지널',now(), now()),
    (89,4.9,'유럽산 두 줄 보리를 사용해 28일간 발효시켜 깔끔한 맛',2500,4,500,14,NULL,'https://beerair-service.s3.ap-northeast-2.amazonaws.com/BEER/balihai_premium_lager.png','Balihai Premium Lager','발리하이 프리미엄 라거',now(), now()),
    (90,8.6,'높은 도수와 강한 라거맛으로 과일향과 아니스향이 특징',3600,4,500,28,NULL,'https://beerair-service.s3.ap-northeast-2.amazonaws.com/BEER/bavaria_8_6_original.png','Bavaria 8.6 Original','바바리아 8.6 오리지널',now(), now()),
    (91,5,'가볍고 깔끔한 맛으로 평상시 마시기 좋은 맥주',2500,4,500,14,NULL,'https://beerair-service.s3.ap-northeast-2.amazonaws.com/BEER/balihai_romantic_day_lager.png','BaliHai Romantic Day Lager','발리하이 로맨틱데이 라거',now(), now()),
    (92,4.3,'중국 최초의 맥주로 전체적으로 향과 맛에서 가벼운 느낌을 주는 맥주',2500,4,500,17,NULL,'https://beerair-service.s3.ap-northeast-2.amazonaws.com/BEER/harbin.png','Harbin','하얼빈',now(), now()),
    (93,5,'100% 보리 맥아로 강한 홉과 풍부한 맛',2000,4,500,20,NULL,'https://beerair-service.s3.ap-northeast-2.amazonaws.com/BEER/singha.png','Singha','싱하',now(), now()),
    (94,4.6,'가벼운 맥주로 라임이나 레몬 조각을 병 입구에 끼워 마시는 음용법으로 유명',3300,4,500,5,NULL,'https://beerair-service.s3.ap-northeast-2.amazonaws.com/BEER/corona_extra.png','Corona Extra','코로나 엑스트라',now(), now()),
    (95,5.5,'스페인에서 가장 많이 팔리는 마드리드 대표 맥주',2250,4,500,9,NULL,'https://beerair-service.s3.ap-northeast-2.amazonaws.com/BEER/mahou_five_star.png','Mahou Five Star','마오우 5스타',now(), now()),
    (96,3.8,'중국에서 건너 온 맥주',2500,4,500,17,NULL,'https://beerair-service.s3.ap-northeast-2.amazonaws.com/BEER/super_x.png','Super X','슈퍼엑스',now(), now()),
    (97,5,'깔끔하게 떨어지는 홉과 맥아의 맛과 적당한 정도로 달콤한 라거 맥주',2500,4,500,8,NULL,'https://beerair-service.s3.ap-northeast-2.amazonaws.com/BEER/cyprus_poseidon.png','Cyprus Poseidon','사이프러스 포세이돈',now(), now()),
    (98,5.2,'빙하수처럼 시원하고 신선한 풍부한 프리미엄 라거',1000,4,500,22,NULL,'https://beerair-service.s3.ap-northeast-2.amazonaws.com/BEER/lapin_kulta.png','Lapin Kulta','라핀 쿨타',now(), now()),
    (99,5.2,'청량감과 목넘김이 좋은 맥주로 레몬의 풍미가 특징',2500,4,500,3,NULL,'https://beerair-service.s3.ap-northeast-2.amazonaws.com/BEER/spaten_munchen.png','Spaten Munchen','슈파텐 뮌헨',now(), now()),
    (100,5.2,'라이트하며 옥수수의 구수함과 몰트의 달큰함이 강렬한 맥주',2500,4,500,9,NULL,'https://beerair-service.s3.ap-northeast-2.amazonaws.com/BEER/amber_especial.png lager','Amber Especial Lager','앰버 에스페샬 라거',now(), now()),
    (101,5,'몰트 총량을 높여 만든 진한 맛과 향',3300,4,500,13,NULL,'https://beerair-service.s3.ap-northeast-2.amazonaws.com/BEER/egger_marzenbier.png','Egger Märzenbier','예거 메르첸 비어',now(), now()),
    (102,4.2,'부드러운 라거 맥주의 정석!',2000,4,500,3,NULL,'https://beerair-service.s3.ap-northeast-2.amazonaws.com/BEER/stephans_brau_lager.png','Stephans Brau Lager','스테판스 브로이 라거',now(), now()),
    (103,2,'가벼운 탄산감과 오렌지, 레몬의 새콤한 맛',4000,9,500,10,NULL,'https://beerair-service.s3.ap-northeast-2.amazonaws.com/BEER/tiger_radler_lemon.png','Tiger Radler Lemon','타이거 레몬',now(), now()),
    (104,2,'라거의 청량감과 천연 자몽 과즙을 동시에',2800,9,500,10,NULL,'https://beerair-service.s3.ap-northeast-2.amazonaws.com/BEER/tiger_radler_grapefruit.png','Tiger Radler Grapefruit','타이거 자몽',now(), now()),
    (105,2.1,'100% 복숭아로 만든 복숭아주스 농축액과 라거 맥주의 조화',3200,9,500,13,NULL,'https://beerair-service.s3.ap-northeast-2.amazonaws.com/BEER/egger_peach_radler.png','Egger Peach Radler','예거라들러 복숭아',now(), now()),
    (106,2.5,'자몽에이드 52%함량으로 자몽과 라거의 황금비율',3200,9,500,13,NULL,'https://beerair-service.s3.ap-northeast-2.amazonaws.com/BEER/egger_grapefruit_radler.png','Egger Grapefruit Radler','예거라들러 자몽',now(), now()),
    (107,2.2,'적당한 바디감의 맥주가 주는 청량감과 상큼한 과일맛의 밸런스',3200,9,500,13,NULL,'https://beerair-service.s3.ap-northeast-2.amazonaws.com/BEER/egger_lemon_radler.png','Egger Lemon Radler','예거라들러 레몬',now(), now()),
    (108,2.6,'천원원료의 자몽주스와 부드러운 밀맥주의 조합',2500,9,500,3,NULL,'https://beerair-service.s3.ap-northeast-2.amazonaws.com/BEER/troll_brew_hefe_grape.png','TROLL BREW Hefe - Grapefruit','트롤 브루 자몽',now(), now()),
    (109,2.4,'과일쥬스와 라거가 6:4 비율로 상큼한 과일의 향미가 특징',2800,9,500,3,NULL,'https://beerair-service.s3.ap-northeast-2.amazonaws.com/BEER/troll_brew_lemon_radler.png','TROLL BREW Lemon Radler','트롤 브루 레몬',now(), now()),
    (110,4.5,'사과주 함량 90% 이상의 인공 색소 무첨가 글루텐 프리 맥주',3800,9,500,12,NULL,'https://beerair-service.s3.ap-northeast-2.amazonaws.com/BEER/magners_juicy_apple.png','MAGNERS JUICY APPLE','매그너스 쥬시 애플',now(), now()),
    (111,4.5,'달콤하고 싱그러운 사과향이 가득 느껴지는 제품',3000,9,500,10,NULL,'https://beerair-service.s3.ap-northeast-2.amazonaws.com/BEER/apple.png-fox','Apple fox','애플 폭스',now(), now()),
    (112,2.5,'자몽의 풍미가 특징이며 전체적으로 가볍게 마시기 좋은 맥주',1600,9,500,3,NULL,'https://beerair-service.s3.ap-northeast-2.amazonaws.com/BEER/l_weizen_grapefruit.png','L Weizen Grapefruit','엘 바이젠 그레이프 후르츠',now(), now()),
    (113,2.4,'저알콜 레몬 맥주',4200,9,500,3,NULL,'https://beerair-service.s3.ap-northeast-2.amazonaws.com/BEER/gaffel_lemon.png','Gaffel Lemon','가필 레몬',now(), now()),
    (114,2.54,'적당한 달콤함과 오렌지, 자몽향의 풍미',3900,9,500,3,NULL,'https://beerair-service.s3.ap-northeast-2.amazonaws.com/BEER/schofferhofer_grapefruit.png','Schofferhofer Grapefruit','쉐퍼호퍼 그레이프후르츠',now(), now()),
    (115,4.5,'사과주, 설탕, 농축 사과&딸기즙이 함량되어 달콤한 맛',2700,9,500,2,NULL,'https://beerair-service.s3.ap-northeast-2.amazonaws.com/BEER/tempt_9.png','Tempt 9','템트 나인',now(), now()),
    (116,2.7,'레모네이드 같은 싱그러움의 저알콜 라들러',2500,9,500,14,NULL,'https://beerair-service.s3.ap-northeast-2.amazonaws.com/BEER/bintang_radler.png','Bintang Radler','빈땅 라들러 레몬',now(), now()),
    (117,3,'밀맥주 맛과 라즈베리의 달콤함이 어우리진 핑크빛 백주',3000,6,500,7,NULL,'https://beerair-service.s3.ap-northeast-2.amazonaws.com/BEER/hoegaarden_rosee.png','Hoegaarden Rosee','호가든 로제',now(), now()),
    (118,3.5,'산뜻한 밀맥주 맛과 청포도의 상쾌한 달달함이 특징인 한정품',2500,6,500,7,NULL,'https://beerair-service.s3.ap-northeast-2.amazonaws.com/BEER/hoegaarden_green_grape.png','Hoegaarden Green Grape','호가든 청포도',now(), now()),
    (119,5,'묵직한 바디감으로 독일 맥주 판매율 1위',2500,4,500,3,NULL,'https://beerair-service.s3.ap-northeast-2.amazonaws.com/BEER/beck_s.png','Beck''s','벡스',now(), now()),
    (120,4.9,'과일향, 꽃향기의 화사함과 부드러운 목넘김',2500,4,500,14,NULL,'https://beerair-service.s3.ap-northeast-2.amazonaws.com/BEER/romantic_night_lager.png','Romantic Night Lage','로맨틱 나이트 라거',now(), now()),
    (121,4.4,'산뜻한 열대 과일향과 깔끔한 느낌의 몰트 맛의 부드러운 맥주',4900,4,500,23,NULL,'https://beerair-service.s3.ap-northeast-2.amazonaws.com/BEER/kona_longboard.png','Kona Longboard','코나) 롱보드',now(), now()),
    (122,5,'장기 숙성으로 부드러운 맛의 저칼로리 맥주',1680,4,500,7,NULL,'https://beerair-service.s3.ap-northeast-2.amazonaws.com/BEER/the_kingdom_of_belgium.png','The Kingdom of Belgium','더 킹덤 오브 벨지움',now(), now()),
    (123,4.9,'특유의 부드러운 거품과 밝은 빛깔의 맥주',2800,4,500,3,NULL,'https://beerair-service.s3.ap-northeast-2.amazonaws.com/BEER/paulaner_munchner_hell.png','Paulaner Munchner Hell','파울라너 뮌헨라거',now(), now()),
    (124,5,'세련되고 깔끔한 맛',2750,4,500,15,NULL,'https://beerair-service.s3.ap-northeast-2.amazonaws.com/BEER/asahi.png','Asahi','아사히',now(), now()),
    (125,4.6,'기분 좋은 탄산감과 깔끔한 라거 본연의 맛',3900,4,500,9,NULL,'https://beerair-service.s3.ap-northeast-2.amazonaws.com/BEER/estrella_damm_barcelona.png','Estrella Damm Barcelona','에스트렐라 담 바르셀로나',now(), now()),
    (126,4.9,'놀랍도록 상쾌하고, 완벽하게 균형잡힌 맛',2750,4,500,15,NULL,'https://beerair-service.s3.ap-northeast-2.amazonaws.com/BEER/sapporo_beer.png','Sapporo Beer','삿포로',now(), now()),
    (127,4.6,'달달한 옥수수 맛이 특징으로 시원하고 가벼운 맥주',3200,4,500,24,NULL,'https://beerair-service.s3.ap-northeast-2.amazonaws.com/BEER/victoria_bitter.png','Victoria Bitter','빅토리아 비터',now(), now()),
    (128,5,'맥아의 고소함과 홉의 쌉쌀함의 황금 밸런스',2000,4,500,21,NULL,'https://beerair-service.s3.ap-northeast-2.amazonaws.com/BEER/1866_blonde.png','1866 Blonde','1866 블론드',now(), now()),
    (129,5,'100% 프리미엄 맥아를 사용하여 부드럽고 풍부한 풍미',2800,4,500,15,NULL,'https://beerair-service.s3.ap-northeast-2.amazonaws.com/BEER/kirin_ichiban.png','Kirin Ichiban','코나 롱보드',now(), now()),
    (130,4.7,'가볍고 향긋한 맛과 향으로 극강의 깔끔함',2000,4,500,17,NULL,'https://beerair-service.s3.ap-northeast-2.amazonaws.com/BEER/laoshan_beer.png','Laoshan Beer','라오샨',now(), now()),
    (131,4.9,'강하지 않은 탄산감과 쌉싸름한 맛의 황금빛 라거',1800,4,500,3,NULL,'https://beerair-service.s3.ap-northeast-2.amazonaws.com/BEER/l_lager.png','L Lager','엘 라거',now(), now()),
    (132,6,'최고급 원료만을 사용하여 만드러진 100% 몰트 맥주',3900,4,500,15,NULL,'https://beerair-service.s3.ap-northeast-2.amazonaws.com/BEER/suntory_the_premium_malt_s.png','Suntory The Premium Malt''s','산토리 프리미엄 몰츠',now(), now()),
    (133,5.2,'진한 황금빛과 부드러운 질감의 조화',4000,4,500,3,NULL,'https://beerair-service.s3.ap-northeast-2.amazonaws.com/BEER/lowenbrau.png','Lowenbrau','레벤 브로이',now(), now()),
    (134,4.2,'고소한 맥아 향의 저칼로리 맥주',5960,4,500,6,NULL,'https://beerair-service.s3.ap-northeast-2.amazonaws.com/BEER/miller_lite.png','Miller Lite','밀러 라이트',now(), now()),
    (135,5.9,'데낄라의 풍미와 풀바디의 라거의 독특한 조화',4000,4,500,28,NULL,'https://beerair-service.s3.ap-northeast-2.amazonaws.com/BEER/desperados.png','Desperados','데스페라도스',now(), now()),
    (136,4.6,'시원하고 가벼운 맥주로 달콤한 옥수수향이 특징',2500,4,500,6,NULL,'https://beerair-service.s3.ap-northeast-2.amazonaws.com/BEER/miller_genuine_draft.png','Miller Genuine Draft','밀러 제뉴인 드래프트',now(), now()),
    (137,4.9,'달콤한 산미의 밸런스와 오렌지향의 상큼함',2700,6,500,7,NULL,'https://beerair-service.s3.ap-northeast-2.amazonaws.com/BEER/hoegaarden.png','Hoegaarden','호가든',now(), now()),
    (138,4.7,'부드럽고 깔끔한 뒷맛으로 편의점 맥주계의 강자',2750,4,500,17,NULL,'https://beerair-service.s3.ap-northeast-2.amazonaws.com/BEER/tsingtao.png','TSINGTAO','칭따오',now(), now()),
    (139,5,'가볍고 탄산기가 높으며 역사 깊은 만인의 맥주',3900,4,500,28,NULL,'https://beerair-service.s3.ap-northeast-2.amazonaws.com/BEER/heineken.png','Heineken','하이네켄',now(), now()),
    (140,5,'달콤한 과일향으로 국내 판매량 1억병 돌파',2500,6,500,21,NULL,'https://beerair-service.s3.ap-northeast-2.amazonaws.com/BEER/1664_blanc.png','1664 blanc','1664블랑',now(), now()),
    (141,4.4,'순한 맛, 사츠흡, 라이트 보디로 가벼운 맥주',2800,5,500,7,NULL,'https://beerair-service.s3.ap-northeast-2.amazonaws.com/BEER/stella_artois.png','STELLA ARTOIS','스텔라아르투아',now(), now()),
    (142,5.2,'투명한 황금색에 쌉싸름한 흡의 향과 풍부한 거품',2500,5,500,18,NULL,'https://beerair-service.s3.ap-northeast-2.amazonaws.com/BEER/pilsner_urquell.png','Pilsner Urquell','필스너 우르켈',now(), now()),
    (143,5.5,'망고와 파인애플 맛과 향을 가지며 적당히 쓴 맛',2500,6,500,3,NULL,'https://beerair-service.s3.ap-northeast-2.amazonaws.com/BEER/paulaner_weissbier.png','PAULANER Weissbier','파울라너 헤페 바이스비어',now(), now()),
    (144,5,'라이드 보디와 담백한 흡으로 라거 맥주 최강자',3800,4,500,6,NULL,'https://beerair-service.s3.ap-northeast-2.amazonaws.com/BEER/budweiser.png','Budweiser','버드와이저',now(), now()),
    (145,5,'흡향, 곡물향, 레몬껍질 향이 특징인 덴마크 왕실 공식 맥주',3000,4,500,2,NULL,'https://beerair-service.s3.ap-northeast-2.amazonaws.com/BEER/carlsberg.png','carlsberg','칼스버그',now(), now()),
    (146,4.5,'연두 빛의 달콤 청량한 애플 사이더',2500,9,500,2,NULL,'https://beerair-service.s3.ap-northeast-2.amazonaws.com/BEER/somersby.png','somersby','썸머스비',now(), now()),
    (147,5,'부드러운 목넘김과 상쾌하고 짜릿한 뒷 맛',2500,4,500,25,NULL,'https://beerair-service.s3.ap-northeast-2.amazonaws.com/BEER/san_miguel.png','San Miguel','산미구엘(산미겔)',now(), now()),
    (148,4.2,'흑맥주계의 절대강자 & 의외로 저칼로리 맥주',4400,7,500,12,NULL,'https://beerair-service.s3.ap-northeast-2.amazonaws.com/BEER/guiness_draught.png','GUINESS DRAUGHT','기네스 드래프트',now(), now()),
    (149,5,'균형잡힌 바디감과 부드러운 거품',2247,4,500,21,NULL,'https://beerair-service.s3.ap-northeast-2.amazonaws.com/BEER/kronenbourg_1664_blanc.png','Kronenbourg 1664 blanc ','1664라거',now(), now()),
    (150,4.3,'신선한 생맥주 그대로 병입한 제품으로 생맥주의 부드러움이 특징',2800,4,500,17,NULL,'https://beerair-service.s3.ap-northeast-2.amazonaws.com/BEER/tsingtao_pure_draft.png','TSINGTAO PURE DRAFT','칭따오 퓨어 드래프트',now(), now()),
    (151,5,'라거보다 깊고 에일보다 깔끔한 맥주',2500,4,500,12,NULL,'https://beerair-service.s3.ap-northeast-2.amazonaws.com/BEER/hop_house_13_lager.png','HOP HOUSE 13 LAGER','13 홉 하우스 라거',now(), now());

INSERT INTO level (id, image_url,req,tier, created_at, modified_at) VALUES
  (1, 'https://beerair-service.s3.ap-northeast-2.amazonaws.com/MEMBER/LEVEL/1.png',0,'1', now(), now()),
  (2, 'https://beerair-service.s3.ap-northeast-2.amazonaws.com/MEMBER/LEVEL/2.png',1,'2', now(), now()),
  (3, 'https://beerair-service.s3.ap-northeast-2.amazonaws.com/MEMBER/LEVEL/3.png',5,'3', now(), now()),
  (4, 'https://beerair-service.s3.ap-northeast-2.amazonaws.com/MEMBER/LEVEL/4.png',12,'4', now(), now()),
  (5, 'https://beerair-service.s3.ap-northeast-2.amazonaws.com/MEMBER/LEVEL/5.png',20,'5', now(), now());
